<application>
  <component name="com.intellij.ide.ui.customization.CustomActionsSchema">
    <group value="Github.Create.Gist" is_action="true" action_type="-1" position="39">
      <path value="root" />
      <path value="Project View Popup Menu" />
      <option name="myInitialPosition" value="-1" />
    </group>
    <group value="Github.Open.In.Browser" is_group="true" action_type="-1" position="38">
      <path value="root" />
      <path value="Project View Popup Menu" />
      <option name="myInitialPosition" value="-1" />
    </group>
    <group value="UML.Group" is_group="true" action_type="-1" position="37">
      <path value="root" />
      <path value="Project View Popup Menu" />
      <option name="myInitialPosition" value="-1" />
    </group>
    <group value="RemoveBom.Group" is_group="true" action_type="-1" position="33">
      <path value="root" />
      <path value="Project View Popup Menu" />
      <option name="myInitialPosition" value="-1" />
    </group>
    <group value="Github.Create.Gist" is_action="true" action_type="-1" position="25">
      <path value="root" />
      <path value="Editor Popup Menu" />
      <option name="myInitialPosition" value="-1" />
    </group>
    <group value="Github.Open.In.Browser" is_group="true" action_type="-1" position="24">
      <path value="root" />
      <path value="Editor Popup Menu" />
      <option name="myInitialPosition" value="-1" />
    </group>
    <group value="UML.EditorGroup" is_group="true" action_type="-1" position="22">
      <path value="root" />
      <path value="Editor Popup Menu" />
      <option name="myInitialPosition" value="-1" />
    </group>
    <group seperator="true" action_type="-1" position="21">
      <path value="root" />
      <path value="Project View Popup Menu" />
      <option name="myInitialPosition" value="-1" />
    </group>
    <group value="ProjectViewPopupMenuRunGroup" is_group="true" action_type="-1" position="20">
      <path value="root" />
      <path value="Project View Popup Menu" />
      <option name="myInitialPosition" value="-1" />
    </group>
    <group value="EditorLangPopupMenu" is_group="true" action_type="-1" position="19">
      <path value="root" />
      <path value="Editor Popup Menu" />
      <option name="myInitialPosition" value="-1" />
    </group>
    <group seperator="true" action_type="-1" position="19">
      <path value="root" />
      <path value="Project View Popup Menu" />
      <option name="myInitialPosition" value="-1" />
    </group>
    <group value="ProjectViewPopupMenuModifyGroup" is_group="true" action_type="-1" position="18">
      <path value="root" />
      <path value="Project View Popup Menu" />
      <option name="myInitialPosition" value="-1" />
    </group>
    <group value="InspectCodeActionInPopupMenus" is_group="true" action_type="-1" position="12">
      <path value="root" />
      <path value="Project View Popup Menu" />
      <option name="myInitialPosition" value="-1" />
    </group>
    <group value="CopyTBXReference" is_action="true" action_type="-1" position="12">
      <path value="root" />
      <path value="Project View Popup Menu" />
      <path value="Cut/Copy/Paste Actions" />
      <path value="Copy" />
      <option name="myInitialPosition" value="-1" />
    </group>
    <group value="FoldingGroup" is_group="true" action_type="-1" position="3">
      <path value="root" />
      <path value="Editor Popup Menu" />
      <path value="Editor Popup Menu Actions (1)" />
      <path value="EditorPopupMenu1.FindRefactor" />
      <option name="myInitialPosition" value="-1" />
    </group>
    <group seperator="true" action_type="-1" position="2">
      <path value="root" />
      <path value="Editor Popup Menu" />
      <path value="Editor Popup Menu Actions (1)" />
      <path value="EditorPopupMenu1.FindRefactor" />
      <option name="myInitialPosition" value="-1" />
    </group>
    <group value="PublishGroup.UploadTo" is_action="true" action_type="1" position="9">
      <path value="root" />
      <path value="Editor Popup Menu" />
      <option name="myInitialPosition" value="-1" />
    </group>
    <group value="PublishGroup.UploadTo" is_action="true" action_type="1" position="9">
      <path value="root" />
      <path value="Project View Popup Menu" />
      <option name="myInitialPosition" value="-1" />
    </group>
    <group value="PublishGroup.Upload" is_action="true" action_type="1" position="10">
      <path value="root" />
      <path value="Editor Popup Menu" />
      <option name="myInitialPosition" value="-1" />
    </group>
    <group value="PublishGroup.Upload" is_action="true" action_type="1" position="10">
      <path value="root" />
      <path value="Project View Popup Menu" />
      <option name="myInitialPosition" value="-1" />
    </group>
    <group seperator="true" action_type="1" position="11">
      <path value="root" />
      <path value="Editor Popup Menu" />
      <option name="myInitialPosition" value="-1" />
    </group>
    <group seperator="true" action_type="1" position="11">
      <path value="root" />
      <path value="Project View Popup Menu" />
      <option name="myInitialPosition" value="-1" />
    </group>
    <group seperator="true" action_type="1" position="13">
      <path value="root" />
      <path value="Main Toolbar" />
      <option name="myInitialPosition" value="-1" />
    </group>
    <group value="SplitHorizontally" is_action="true" action_type="1" position="14">
      <path value="root" />
      <path value="Main Toolbar" />
      <option name="myInitialPosition" value="-1" />
    </group>
    <group value="SplitVertically" is_action="true" action_type="1" position="15">
      <path value="root" />
      <path value="Main Toolbar" />
      <option name="myInitialPosition" value="-1" />
    </group>
    <group value="Unsplit" is_action="true" action_type="1" position="16">
      <path value="root" />
      <path value="Main Toolbar" />
      <option name="myInitialPosition" value="-1" />
    </group>
    <group seperator="true" action_type="1" position="17">
      <path value="root" />
      <path value="Main Toolbar" />
      <option name="myInitialPosition" value="-1" />
    </group>
    <group value="CopyContentRootPath" is_action="true" action_type="1" position="18">
      <path value="root" />
      <path value="Main Toolbar" />
      <option name="myInitialPosition" value="-1" />
    </group>
    <group value="CompareTwoFiles" is_action="true" action_type="1" position="19">
      <path value="root" />
      <path value="Main Toolbar" />
      <option name="myInitialPosition" value="-1" />
    </group>
    <group seperator="true" action_type="1" position="20">
      <path value="root" />
      <path value="Main Toolbar" />
      <option name="myInitialPosition" value="-1" />
    </group>
    <group value="PublishGroup.UploadTo" is_action="true" action_type="1" position="21">
      <path value="root" />
      <path value="Main Toolbar" />
      <option name="myInitialPosition" value="-1" />
    </group>
    <group value="PublishGroup.Upload" is_action="true" action_type="1" position="22">
      <path value="root" />
      <path value="Main Toolbar" />
      <option name="myInitialPosition" value="-1" />
    </group>
  </component>
</application>