<application>
  <component name="FileTypeManager" version="17">
    <extensionMap>
      <mapping pattern="config_volchok" type="PHP" />
      <mapping pattern="test" type="PLAIN_TEXT" />
      <mapping pattern="lazyload" type="PLAIN_TEXT" />
      <mapping pattern="asdasdsadas" type="PLAIN_TEXT" />
      <mapping pattern="original" type="PLAIN_TEXT" />
      <mapping ext="cache" type="PLAIN_TEXT" />
      <mapping ext="php_original" type="PLAIN_TEXT" />
    </extensionMap>
  </component>
</application>